Workbook

Sheet Assumptions
A1: HR Retention Risk Model — Assumptions
A3: Edit the weights below (yellow cells). They must sum to 1.00 — B10 checks this live.
A5: Risk Driver | B5: Weight | C5: Definition
A6: Overtime | B6: 0.28 | C6: 1 if employee is currently on overtime, else 0
A7: Low Satisfaction | B7: 0.24 | C7: Higher when SatisfactionScore is low (1-5 scale, inverted)
A8: Promotion Stagnation | B8: 0.16 | C8: MonthsSincePromotion / 60, capped at 1
A9: Below-Department Pay | B9: 0.14 | C9: 1 minus the employee's salary percentile within their department
A10: Poor Work-Life Balance | B10: 0.12 | C10: Higher when WorkLifeBalance is low (1-5 scale, inverted)
A11: Low Tenure | B11: 0.06 | C11: Higher for employees with under 8 years tenure
A12: Weights sum to (must equal 1.00): | B12: =SUM(B6:B11)
A13: Risk band thresholds (0-100 scale):
A14: High risk: score >= | B14: 65
A15: Medium risk: score >= | B15: 45

Sheet Cleaned_Data
A1: EmployeeID | B1: Department | C1: Role | D1: Age | E1: TenureYears | F1: AnnualSalary | G1: OverTime | H1: MonthsSincePromotion | I1: SatisfactionScore | J1: WorkLifeBalance | K1: PerformanceRating | L1: Status
A2: EMP00052 | B2: Sales | C2: Sales Manager | D2: 28 | E2: 6.1 | F2: 852000 | G2: No | H2: 19 | I2: 5 | J2: 2.9 | K2: 2.5 | L2: Active
A3: EMP00523 | B3: Sales | C3: Sales Executive | D3: 38 | E3: 5.2 | F3: 757000 | G3: Yes | H3: 43 | I3: 4 | J3: 3.2 | K3: 2.1 | L3: Active
A4: EMP00180 | B4: HR | C4: Recruiter | D4: 37 | E4: 2.9 | F4: 722000 | G4: No | H4: 58 | I4: 3.3 | J4: 3.6 | K4: 2.8 | L4: Active
A5: EMP01173 | B5: Engineering | C5: Engineering Manager | D5: 29 | E5: 6 | F5: 1328000 | G5: No | H5: 1 | I5: 3.4 | J5: 3.2 | K5: 3.2 | L5: Active
A6: EMP00938 | B6: Sales | C6: Sales Executive | D6: 29 | E6: 3.6 | F6: 783000 | G6: No | H6: 25 | I6: 3.4 | J6: 2.6 | K6: 2.5 | L6: Resigned
A7: EMP01152 | B7: Customer Support | C7: Support Lead | D7: 38 | E7: 6.1 | F7: 731000 | G7: Yes | H7: 51 | I7: 3.1 | J7: 3.2 | K7: 3.3 | L7: Active
A8: EMP00206 | B8: Engineering | C8: Engineering Manager | D8: 33 | E8: 4.6 | F8: 1102000 | G8: No | H8: 41 | I8: 3.1 | J8: 2.2 | K8: 4.4 | L8: Active
A9: EMP01090 | B9: Operations | C9: Process Lead | D9: 43 | E9: 7.2 | F9: 832000 | G9: Yes | H9: 12 | I9: 5 | J9: 3 | K9: 4.1 | L9: Active
A10: EMP00657 | B10: Customer Support | C10: Support Manager | D10: 26 | E10: 1.3 | F10: 533000 | G10: Yes | H10: 35 | I10: 2 | J10: 1.1 | K10: 3.3 | L10: Active
A11: EMP01114 | B11: Customer Support | C11: Support Associate | D11: 35 | E11: 1.4 | F11: 509000 | G11: Yes | H11: 24 | I11: 2.7 | J11: 2.2 | K11: 2.9 | L11: Active
A12: EMP00035 | B12: Operations | C12: Ops Manager | D12: 46 | E12: 2.5 | F12: 700000 | G12: Yes | H12: 44 | I12: 3.4 | J12: 2.1 | K12: 3.1 | L12: Active
A13: EMP00736 | B13: Finance | C13: Financial Analyst | D13: 21 | E13: 3.6 | F13: 800000 | G13: No | H13: 45 | I13: 2.4 | J13: 3.2 | K13: 2.5 | L13: Active
... A1196: EMP00176 | B1196: Sales | C1196: Sales Executive | D1196: 41 | E1196: 3.1 | F1196: 659000 | G1196: No | H1196: 29 | I1196: 3.6 | J1196: 3.3 | K1196: 3.7 | L1196: Active

Sheet Risk_Model
A1: EmployeeID | B1: Department | C1: OverTime | D1: SatisfactionScore | E1: MonthsSincePromotion | F1: AnnualSalary | G1: DeptSalaryPercentile | H1: WorkLifeBalance | I1: TenureYears | J1: OT_risk | K1: Satisfaction_risk | L1: Promotion_risk | M1: Pay_risk | N1: WLB_risk | O1: Tenure_risk | P1: RiskScore | Q1: RiskBand | R1: Status
A2: =Cleaned_Data!A2 | B2: =Cleaned_Data!B2 | C2: =Cleaned_Data!G2 | D2: =Cleaned_Data!I2 | E2: =Cleaned_Data!H2 | F2: =Cleaned_Data!F2 | G2: =SUMPRODUCT(($B$2:$B$1196=B2)*($F$2:$F$1196<=F2))/SUMPRODUCT(($B$2:$B$1196=B2)*1) | H2: =Cleaned_Data!J2 | I2: =Cleaned_Data!E2 | J2: =IF(C2="Yes",1,0) | K2: =MIN(MAX(1-(D2-1)/4,0),1) | L2: =MIN(E2/60,1) | M2: =MIN(MAX(1-G2,0),1) | N2: =MIN(MAX(1-(H2-1)/4,0),1) | O2: =1-MIN(I2/8,1) | P2: =ROUND(100*(J2*Assumptions!$B$6+K2*Assumptions!$B$7+L2*Assumptions!$B$8+M2*Assumptions!$B$9+N2*Assumptions!$B$10+O2*Assumptions!$B$11),1) | Q2: =IF(P2>=Assumptions!$B$14,"High",IF(P2>=Assumptions!$B$15,"Medium","Low")) | R2: =Cleaned_Data!L2
A3: =Cleaned_Data!A3 | B3: =Cleaned_Data!B3 | C3: =Cleaned_Data!G3 | D3: =Cleaned_Data!I3 | E3: =Cleaned_Data!H3 | F3: =Cleaned_Data!F3 | G3: =SUMPRODUCT(($B$2:$B$1196=B3)*($F$2:$F$1196<=F3))/SUMPRODUCT(($B$2:$B$1196=B3)*1) | H3: =Cleaned_Data!J3 | I3: =Cleaned_Data!E3 | J3: =IF(C3="Yes",1,0) | K3: =MIN(MAX(1-(D3-1)/4,0),1) | L3: =MIN(E3/60,1) | M3: =MIN(MAX(1-G3,0),1) | N3: =MIN(MAX(1-(H3-1)/4,0),1) | O3: =1-MIN(I3/8,1) | P3: =ROUND(100*(J3*Assumptions!$B$6+K3*Assumptions!$B$7+L3*Assumptions!$B$8+M3*Assumptions!$B$9+N3*Assumptions!$B$10+O3*Assumptions!$B$11),1) | Q3: =IF(P3>=Assumptions!$B$14,"High",IF(P3>=Assumptions!$B$15,"Medium","Low")) | R3: =Cleaned_Data!L3
A4: =Cleaned_Data!A4 | B4: =Cleaned_Data!B4 | C4: =Cleaned_Data!G4 | D4: =Cleaned_Data!I4 | E4: =Cleaned_Data!H4 | F4: =Cleaned_Data!F4 | G4: =SUMPRODUCT(($B$2:$B$1196=B4)*($F$2:$F$1196<=F4))/SUMPRODUCT(($B$2:$B$1196=B4)*1) | H4: =Cleaned_Data!J4 | I4: =Cleaned_Data!E4 | J4: =IF(C4="Yes",1,0) | K4: =MIN(MAX(1-(D4-1)/4,0),1) | L4: =MIN(E4/60,1) | M4: =MIN(MAX(1-G4,0),1) | N4: =MIN(MAX(1-(H4-1)/4,0),1) | O4: =1-MIN(I4/8,1) | P4: =ROUND(100*(J4*Assumptions!$B$6+K4*Assumptions!$B$7+L4*Assumptions!$B$8+M4*Assumptions!$B$9+N4*Assumptions!$B$10+O4*Assumptions!$B$11),1) | Q4: =IF(P4>=Assumptions!$B$14,"High",IF(P4>=Assumptions!$B$15,"Medium","Low")) | R4: =Cleaned_Data!L4
A5: =Cleaned_Data!A5 | B5: =Cleaned_Data!B5 | C5: =Cleaned_Data!G5 | D5: =Cleaned_Data!I5 | E5: =Cleaned_Data!H5 | F5: =Cleaned_Data!F5 | G5: =SUMPRODUCT(($B$2:$B$1196=B5)*($F$2:$F$1196<=F5))/SUMPRODUCT(($B$2:$B$1196=B5)*1) | H5: =Cleaned_Data!J5 | I5: =Cleaned_Data!E5 | J5: =IF(C5="Yes",1,0) | K5: =MIN(MAX(1-(D5-1)/4,0),1) | L5: =MIN(E5/60,1) | M5: =MIN(MAX(1-G5,0),1) | N5: =MIN(MAX(1-(H5-1)/4,0),1) | O5: =1-MIN(I5/8,1) | P5: =ROUND(100*(J5*Assumptions!$B$6+K5*Assumptions!$B$7+L5*Assumptions!$B$8+M5*Assumptions!$B$9+N5*Assumptions!$B$10+O5*Assumptions!$B$11),1) | Q5: =IF(P5>=Assumptions!$B$14,"High",IF(P5>=Assumptions!$B$15,"Medium","Low")) | R5: =Cleaned_Data!L5
A6: =Cleaned_Data!A6 | B6: =Cleaned_Data!B6 | C6: =Cleaned_Data!G6 | D6: =Cleaned_Data!I6 | E6: =Cleaned_Data!H6 | F6: =Cleaned_Data!F6 | G6: =SUMPRODUCT(($B$2:$B$1196=B6)*($F$2:$F$1196<=F6))/SUMPRODUCT(($B$2:$B$1196=B6)*1) | H6: =Cleaned_Data!J6 | I6: =Cleaned_Data!E6 | J6: =IF(C6="Yes",1,0) | K6: =MIN(MAX(1-(D6-1)/4,0),1) | L6: =MIN(E6/60,1) | M6: =MIN(MAX(1-G6,0),1) | N6: =MIN(MAX(1-(H6-1)/4,0),1) | O6: =1-MIN(I6/8,1) | P6: =ROUND(100*(J6*Assumptions!$B$6+K6*Assumptions!$B$7+L6*Assumptions!$B$8+M6*Assumptions!$B$9+N6*Assumptions!$B$10+O6*Assumptions!$B$11),1) | Q6: =IF(P6>=Assumptions!$B$14,"High",IF(P6>=Assumptions!$B$15,"Medium","Low")) | R6: =Cleaned_Data!L6
A7: =Cleaned_Data!A7 | B7: =Cleaned_Data!B7 | C7: =Cleaned_Data!G7 | D7: =Cleaned_Data!I7 | E7: =Cleaned_Data!H7 | F7: =Cleaned_Data!F7 | G7: =SUMPRODUCT(($B$2:$B$1196=B7)*($F$2:$F$1196<=F7))/SUMPRODUCT(($B$2:$B$1196=B7)*1) | H7: =Cleaned_Data!J7 | I7: =Cleaned_Data!E7 | J7: =IF(C7="Yes",1,0) | K7: =MIN(MAX(1-(D7-1)/4,0),1) | L7: =MIN(E7/60,1) | M7: =MIN(MAX(1-G7,0),1) | N7: =MIN(MAX(1-(H7-1)/4,0),1) | O7: =1-MIN(I7/8,1) | P7: =ROUND(100*(J7*Assumptions!$B$6+K7*Assumptions!$B$7+L7*Assumptions!$B$8+M7*Assumptions!$B$9+N7*Assumptions!$B$10+O7*Assumptions!$B$11),1) | Q7: =IF(P7>=Assumptions!$B$14,"High",IF(P7>=Assumptions!$B$15,"Medium","Low")) | R7: =Cleaned_Data!L7
A8: =Cleaned_Data!A8 | B8: =Cleaned_Data!B8 | C8: =Cleaned_Data!G8 | D8: =Cleaned_Data!I8 | E8: =Cleaned_Data!H8 | F8: =Cleaned_Data!F8 | G8: =SUMPRODUCT(($B$2:$B$1196=B8)*($F$2:$F$1196<=F8))/SUMPRODUCT(($B$2:$B$1196=B8)*1) | H8: =Cleaned_Data!J8 | I8: =Cleaned_Data!E8 | J8: =IF(C8="Yes",1,0) | K8: =MIN(MAX(1-(D8-1)/4,0),1) | L8: =MIN(E8/60,1) | M8: =MIN(MAX(1-G8,0),1) | N8: =MIN(MAX(1-(H8-1)/4,0),1) | O8: =1-MIN(I8/8,1) | P8: =ROUND(100*(J8*Assumptions!$B$6+K8*Assumptions!$B$7+L8*Assumptions!$B$8+M8*Assumptions!$B$9+N8*Assumptions!$B$10+O8*Assumptions!$B$11),1) | Q8: =IF(P8>=Assumptions!$B$14,"High",IF(P8>=Assumptions!$B$15,"Medium","Low")) | R8: =Cleaned_Data!L8
A9: =Cleaned_Data!A9 | B9: =Cleaned_Data!B9 | C9: =Cleaned_Data!G9 | D9: =Cleaned_Data!I9 | E9: =Cleaned_Data!H9 | F9: =Cleaned_Data!F9 | G9: =SUMPRODUCT(($B$2:$B$1196=B9)*($F$2:$F$1196<=F9))/SUMPRODUCT(($B$2:$B$1196=B9)*1) | H9: =Cleaned_Data!J9 | I9: =Cleaned_Data!E9 | J9: =IF(C9="Yes",1,0) | K9: =MIN(MAX(1-(D9-1)/4,0),1) | L9: =MIN(E9/60,1) | M9: =MIN(MAX(1-G9,0),1) | N9: =MIN(MAX(1-(H9-1)/4,0),1) | O9: =1-MIN(I9/8,1) | P9: =ROUND(100*(J9*Assumptions!$B$6+K9*Assumptions!$B$7+L9*Assumptions!$B$8+M9*Assumptions!$B$9+N9*Assumptions!$B$10+O9*Assumptions!$B$11),1) | Q9: =IF(P9>=Assumptions!$B$14,"High",IF(P9>=Assumptions!$B$15,"Medium","Low")) | R9: =Cleaned_Data!L9
A10: =Cleaned_Data!A10 | B10: =Cleaned_Data!B10 | C10: =Cleaned_Data!G10 | D10: =Cleaned_Data!I10 | E10: =Cleaned_Data!H10 | F10: =Cleaned_Data!F10 | G10: =SUMPRODUCT(($B$2:$B$1196=B10)*($F$2:$F$1196<=F10))/SUMPRODUCT(($B$2:$B$1196=B10)*1) | H10: =Cleaned_Data!J10 | I10: =Cleaned_Data!E10 | J10: =IF(C10="Yes",1,0) | K10: =MIN(MAX(1-(D10-1)/4,0),1) | L10: =MIN(E10/60,1) | M10: =MIN(MAX(1-G10,0),1) | N10: =MIN(MAX(1-(H10-1)/4,0),1) | O10: =1-MIN(I10/8,1) | P10: =ROUND(100*(J10*Assumptions!$B$6+K10*Assumptions!$B$7+L10*Assumptions!$B$8+M10*Assumptions!$B$9+N10*Assumptions!$B$10+O10*Assumptions!$B$11),1) | Q10: =IF(P10>=Assumptions!$B$14,"High",IF(P10>=Assumptions!$B$15,"Medium","Low")) | R10: =Cleaned_Data!L10
A11: =Cleaned_Data!A11 | B11: =Cleaned_Data!B11 | C11: =Cleaned_Data!G11 | D11: =Cleaned_Data!I11 | E11: =Cleaned_Data!H11 | F11: =Cleaned_Data!F11 | G11: =SUMPRODUCT(($B$2:$B$1196=B11)*($F$2:$F$1196<=F11))/SUMPRODUCT(($B$2:$B$1196=B11)*1) | H11: =Cleaned_Data!J11 | I11: =Cleaned_Data!E11 | J11: =IF(C11="Yes",1,0) | K11: =MIN(MAX(1-(D11-1)/4,0),1) | L11: =MIN(E11/60,1) | M11: =MIN(MAX(1-G11,0),1) | N11: =MIN(MAX(1-(H11-1)/4,0),1) | O11: =1-MIN(I11/8,1) | P11: =ROUND(100*(J11*Assumptions!$B$6+K11*Assumptions!$B$7+L11*Assumptions!$B$8+M11*Assumptions!$B$9+N11*Assumptions!$B$10+O11*Assumptions!$B$11),1) | Q11: =IF(P11>=Assumptions!$B$14,"High",IF(P11>=Assumptions!$B$15,"Medium","Low")) | R11: =Cleaned_Data!L11
A12: =Cleaned_Data!A12 | B12: =Cleaned_Data!B12 | C12: =Cleaned_Data!G12 | D12: =Cleaned_Data!I12 | E12: =Cleaned_Data!H12 | F12: =Cleaned_Data!F12 | G12: =SUMPRODUCT(($B$2:$B$1196=B12)*($F$2:$F$1196<=F12))/SUMPRODUCT(($B$2:$B$1196=B12)*1) | H12: =Cleaned_Data!J12 | I12: =Cleaned_Data!E12 | J12: =IF(C12="Yes",1,0) | K12: =MIN(MAX(1-(D12-1)/4,0),1) | L12: =MIN(E12/60,1) | M12: =MIN(MAX(1-G12,0),1) | N12: =MIN(MAX(1-(H12-1)/4,0),1) | O12: =1-MIN(I12/8,1) | P12: =ROUND(100*(J12*Assumptions!$B$6+K12*Assumptions!$B$7+L12*Assumptions!$B$8+M12*Assumptions!$B$9+N12*Assumptions!$B$10+O12*Assumptions!$B$11),1) | Q12: =IF(P12>=Assumptions!$B$14,"High",IF(P12>=Assumptions!$B$15,"Medium","Low")) | R12: =Cleaned_Data!L12
A13: =Cleaned_Data!A13 | B13: =Cleaned_Data!B13 | C13: =Cleaned_Data!G13 | D13: =Cleaned_Data!I13 | E13: =Cleaned_Data!H13 | F13: =Cleaned_Data!F13 | G13: =SUMPRODUCT(($B$2:$B$1196=B13)*($F$2:$F$1196<=F13))/SUMPRODUCT(($B$2:$B$1196=B13)*1) | H13: =Cleaned_Data!J13 | I13: =Cleaned_Data!E13 | J13: =IF(C13="Yes",1,0) | K13: =MIN(MAX(1-(D13-1)/4,0),1) | L13: =MIN(E13/60,1) | M13: =MIN(MAX(1-G13,0),1) | N13: =MIN(MAX(1-(H13-1)/4,0),1) | O13: =1-MIN(I13/8,1) | P13: =ROUND(100*(J13*Assumptions!$B$6+K13*Assumptions!$B$7+L13*Assumptions!$B$8+M13*Assumptions!$B$9+N13*Assumptions!$B$10+O13*Assumptions!$B$11),1) | Q13: =IF(P13>=Assumptions!$B$14,"High",IF(P13>=Assumptions!$B$15,"Medium","Low")) | R13: =Cleaned_Data!L13
... A1196: =Cleaned_Data!A1196 | B1196: =Cleaned_Data!B1196 | C1196: =Cleaned_Data!G1196 | D1196: =Cleaned_Data!I1196 | E1196: =Cleaned_Data!H1196 | F1196: =Cleaned_Data!F1196 | G1196: =SUMPRODUCT(($B$2:$B$1196=B1196)*($F$2:$F$1196<=F1196))/SUMPRODUCT(($B$2:$B$1196=B1196)*1) | H1196: =Cleaned_Data!J1196 | I1196: =Cleaned_Data!E1196 | J1196: =IF(C1196="Yes",1,0) | K1196: =MIN(MAX(1-(D1196-1)/4,0),1) | L1196: =MIN(E1196/60,1) | M1196: =MIN(MAX(1-G1196,0),1) | N1196: =MIN(MAX(1-(H1196-1)/4,0),1) | O1196: =1-MIN(I1196/8,1) | P1196: =ROUND(100*(J1196*Assumptions!$B$6+K1196*Assumptions!$B$7+L1196*Assumptions!$B$8+M1196*Assumptions!$B$9+N1196*Assumptions!$B$10+O1196*Assumptions!$B$11),1) | Q1196: =IF(P1196>=Assumptions!$B$14,"High",IF(P1196>=Assumptions!$B$15,"Medium","Low")) | R1196: =Cleaned_Data!L1196

Sheet Dashboard
A1: HR Retention Risk — Live Dashboard
A2: All figures below are formulas over Risk_Model — they update if the weights or data change.
A4: Metric | B4: Value
A5: Total Employees (cleaned dataset) | B5: =COUNTA(Risk_Model!A2:A1196)
A6: Active | B6: =COUNTIF(Risk_Model!R2:R1196,"Active")
A7: Resigned | B7: =COUNTIF(Risk_Model!R2:R1196,"Resigned")
A8: Overall Attrition Rate | B8: =COUNTIF(Risk_Model!R2:R1196,"Resigned")/COUNTA(Risk_Model!A2:A1196)
A9: Attrition Rate — Overtime Employees | B9: =SUMPRODUCT((Risk_Model!C2:C1196="Yes")*(Risk_Model!R2:R1196="Resigned"))/SUMPRODUCT((Risk_Model!C2:C1196="Yes")*1)
A10: Attrition Rate — Non-Overtime Employees | B10: =SUMPRODUCT((Risk_Model!C2:C1196="No")*(Risk_Model!R2:R1196="Resigned"))/SUMPRODUCT((Risk_Model!C2:C1196="No")*1)
A11: High-Risk Employees (Active) | B11: =SUMPRODUCT((Risk_Model!Q2:Q1196="High")*(Risk_Model!R2:R1196="Active"))
A12: Resignation Rate — High Risk Band | B12: =SUMPRODUCT((Risk_Model!Q2:Q1196="High")*(Risk_Model!R2:R1196="Resigned"))/SUMPRODUCT((Risk_Model!Q2:Q1196="High")*1)
A13: Resignation Rate — Low Risk Band | B13: =SUMPRODUCT((Risk_Model!Q2:Q1196="Low")*(Risk_Model!R2:R1196="Resigned"))/SUMPRODUCT((Risk_Model!Q2:Q1196="Low")*1)
A15: Attrition Rate by Department
A16: Department | B16: Attrition Rate
A17: Customer Support | B17: =SUMPRODUCT((Risk_Model!B2:B1196="Customer Support")*(Risk_Model!R2:R1196="Resigned"))/SUMPRODUCT((Risk_Model!B2:B1196="Customer Support")*1)
A18: Engineering | B18: =SUMPRODUCT((Risk_Model!B2:B1196="Engineering")*(Risk_Model!R2:R1196="Resigned"))/SUMPRODUCT((Risk_Model!B2:B1196="Engineering")*1)
A19: Finance | B19: =SUMPRODUCT((Risk_Model!B2:B1196="Finance")*(Risk_Model!R2:R1196="Resigned"))/SUMPRODUCT((Risk_Model!B2:B1196="Finance")*1)
A20: HR | B20: =SUMPRODUCT((Risk_Model!B2:B1196="HR")*(Risk_Model!R2:R1196="Resigned"))/SUMPRODUCT((Risk_Model!B2:B1196="HR")*1)
A21: Operations | B21: =SUMPRODUCT((Risk_Model!B2:B1196="Operations")*(Risk_Model!R2:R1196="Resigned"))/SUMPRODUCT((Risk_Model!B2:B1196="Operations")*1)
A22: Sales | B22: =SUMPRODUCT((Risk_Model!B2:B1196="Sales")*(Risk_Model!R2:R1196="Resigned"))/SUMPRODUCT((Risk_Model!B2:B1196="Sales")*1)

Sheet Validation_Log
A1: ETL Validation Report — from a real pipeline run (etl_validate.py)
A3: Raw rows in: 1224 Clean rows out: 1195 Runtime: 0.0145s
A5: Issue Type | B5: Detected & Fixed | C5: Ground-Truth Injected
A6: duplicate_row | B6: 15 | C6: 24
A7: missing_value | B7: 49 | C7: 42
A8: inconsistent_category | B8: 73 | C8: 84
A9: out_of_range_value | B9: 12 | C9: 12
A10: wrong_dtype | B10: 42 | C10: 42
A11: Detection rate vs. known ground truth | B11: 93.6%
